id,name,localized_name,primary_attr,attack_type,roles,img,icon,base_health,base_health_regen,base_mana,base_mana_regen,base_armor,base_mr,base_attack_min,base_attack_max,base_str,base_agi,base_int,str_gain,agi_gain,int_gain,attack_range,projectile_speed,attack_rate,move_speed,turn_rate,cm_enabled,legs,hero_id,turbo_picks,turbo_wins,pro_ban,pro_win,pro_pick,1_pick,1_win,2_pick,2_win,3_pick,3_win,4_pick,4_win,5_pick,5_win,6_pick,6_win,7_pick,7_win,8_pick,8_win,null_pick,null_win
1,npc_dota_hero_antimage,Anti-Mage,agi,Melee,"['Carry', 'Escape', 'Nuker']",/apps/dota2/images/heroes/antimage_full.png?,/apps/dota2/images/heroes/antimage_icon.png,200,0.25,75,0.0,-1.0,25,29,33,23,24,12,1.3,2.8,1.8,150,0,1.4,310,0.5,True,2,1,205161,105843,435,57,116,19855,9963,44814,22836,64712,32927,65910,33295,44258,22398,20398,10058,8496,4191,2066,988,2374175,0
2,npc_dota_hero_axe,Axe,str,Melee,"['Initiator', 'Durable', 'Disabler', 'Jungler']",/apps/dota2/images/heroes/axe_full.png?,/apps/dota2/images/heroes/axe_icon.png,200,2.75,75,0.0,-1.0,25,27,31,25,20,18,3.4,2.2,1.6,150,900,1.7,310,0.6,True,2,2,178513,91071,53,28,85,18627,9696,41154,20839,56948,28748,54727,27629,35216,17778,15471,7714,6012,2943,1223,579,1879235,0
3,npc_dota_hero_bane,Bane,int,Ranged,"['Support', 'Disabler', 'Nuker', 'Durable']",/apps/dota2/images/heroes/bane_full.png?,/apps/dota2/images/heroes/bane_icon.png,200,,75,0.0,1.0,25,35,41,22,22,22,2.6,2.6,2.6,400,900,1.7,305,0.6,True,4,3,38058,16793,31,26,61,3421,1530,8569,4076,13494,6571,15172,7580,11995,6191,6349,3333,3355,1746,1345,700,583450,0
4,npc_dota_hero_bloodseeker,Bloodseeker,agi,Melee,"['Carry', 'Disabler', 'Jungler', 'Nuker', 'Initiator']",/apps/dota2/images/heroes/bloodseeker_full.png?,/apps/dota2/images/heroes/bloodseeker_icon.png,200,,75,0.0,2.0,25,35,41,24,22,17,2.7,3.4,2.0,150,900,1.7,300,0.5,True,2,4,116810,57764,74,26,57,12756,6639,17656,9108,19703,10054,17205,8852,10508,5285,4542,2426,1822,916,479,239,868963,0
5,npc_dota_hero_crystal_maiden,Crystal Maiden,int,Ranged,"['Support', 'Disabler', 'Nuker', 'Jungler']",/apps/dota2/images/heroes/crystal_maiden_full.png?,/apps/dota2/images/heroes/crystal_maiden_icon.png,200,,75,1.0,-1.0,25,28,34,18,16,16,2.2,1.6,3.3,600,900,1.7,280,0.5,True,2,5,183767,92042,8,68,145,21541,11338,45979,23856,63098,32099,62721,31709,41096,20913,18730,9490,7625,3844,2152,1085,2174694,0
6,npc_dota_hero_drow_ranger,Drow Ranger,agi,Ranged,"['Carry', 'Disabler', 'Pusher']",/apps/dota2/images/heroes/drow_ranger_full.png?,/apps/dota2/images/heroes/drow_ranger_icon.png,200,0.25,75,0.0,0.0,25,29,36,18,20,15,1.9,2.9,1.4,625,1250,1.7,290,0.7,True,2,6,268929,133814,357,48,104,23532,11625,41005,20111,50617,24760,47599,23409,30451,14969,13498,6699,5230,2526,1150,571,1973874,0
7,npc_dota_hero_earthshaker,Earthshaker,str,Melee,"['Support', 'Initiator', 'Disabler', 'Nuker']",/apps/dota2/images/heroes/earthshaker_full.png?,/apps/dota2/images/heroes/earthshaker_icon.png,200,1.0,75,0.0,2.0,25,27,37,22,12,16,3.7,1.4,1.8,150,0,1.7,310,0.9,True,2,7,198668,98009,39,34,80,13139,6428,32230,15861,50412,24765,54020,26489,36616,18032,16440,8263,6140,3004,1547,762,1965311,0
8,npc_dota_hero_juggernaut,Juggernaut,agi,Melee,"['Carry', 'Pusher', 'Escape']",/apps/dota2/images/heroes/juggernaut_full.png?,/apps/dota2/images/heroes/juggernaut_icon.png,200,0.5,75,0.0,0.0,25,16,20,20,34,14,2.2,2.8,1.4,150,0,1.4,305,0.6,True,2,8,382751,201006,333,117,214,28737,15127,64869,34431,93455,50124,94483,51168,61963,33239,27476,14695,10793,5659,2500,1265,3371766,0
9,npc_dota_hero_mirana,Mirana,agi,Ranged,"['Carry', 'Support', 'Escape', 'Nuker', 'Disabler']",/apps/dota2/images/heroes/mirana_full.png?,/apps/dota2/images/heroes/mirana_icon.png,200,,75,0.4,-1.0,25,27,32,18,18,22,2.2,3.7,1.9,630,900,1.7,290,0.5,True,2,9,195555,100894,146,152,295,12654,6418,36239,18958,62381,32405,69992,36251,49348,25599,22972,11949,9601,4969,2780,1411,2132418,0
10,npc_dota_hero_morphling,Morphling,agi,Ranged,"['Carry', 'Escape', 'Durable', 'Nuker', 'Disabler']",/apps/dota2/images/heroes/morphling_full.png?,/apps/dota2/images/heroes/morphling_icon.png,200,,75,0.0,-2.0,25,9,18,22,24,15,3.0,4.3,1.5,350,1300,1.5,280,0.6,True,0,10,137895,69023,542,107,195,10674,5269,25978,13021,38825,19170,41372,19995,30155,14489,15307,7314,7257,3493,2444,1203,1492440,0
11,npc_dota_hero_nevermore,Shadow Fiend,agi,Ranged,"['Carry', 'Nuker']",/apps/dota2/images/heroes/nevermore_full.png?,/apps/dota2/images/heroes/nevermore_icon.png,200,0.25,75,0.3,0.0,25,19,25,19,20,18,2.7,3.5,2.2,500,1200,1.7,305,1.0,True,0,11,290554,140956,141,35,74,18001,8781,44320,22195,69220,34606,76185,37603,53693,26574,24991,12129,10164,4877,2232,1050,2007486,0
12,npc_dota_hero_phantom_lancer,Phantom Lancer,agi,Melee,"['Carry', 'Escape', 'Pusher', 'Nuker']",/apps/dota2/images/heroes/phantom_lancer_full.png?,/apps/dota2/images/heroes/phantom_lancer_icon.png,200,1.5,75,0.0,0.0,25,26,40,19,26,21,2.2,3.2,2.0,150,900,1.7,290,0.6,True,2,12,136265,70259,379,52,118,12584,6428,23616,11720,29414,14374,27418,13244,17621,8533,8417,4075,4248,2049,1581,787,942366,0
13,npc_dota_hero_puck,Puck,int,Ranged,"['Initiator', 'Disabler', 'Escape', 'Nuker']",/apps/dota2/images/heroes/puck_full.png?,/apps/dota2/images/heroes/puck_icon.png,200,0.5,75,0.0,-3.0,25,23,34,17,22,23,2.4,2.5,3.5,550,900,1.7,290,0.8,True,2,13,108865,54571,605,190,341,5552,2682,14830,7374,27758,14298,37243,19338,31633,16739,17041,9119,8166,4405,2692,1476,774860,0
14,npc_dota_hero_pudge,Pudge,str,Melee,"['Disabler', 'Initiator', 'Durable', 'Nuker']",/apps/dota2/images/heroes/pudge_full.png?,/apps/dota2/images/heroes/pudge_icon.png,200,2.0,75,0.0,-1.0,25,42,48,25,14,16,3.0,1.4,1.5,150,0,1.7,280,0.7,True,2,14,694204,335749,13,9,13,34691,17857,80197,41186,114755,58050,114909,57378,72395,35658,30313,14843,10350,4998,1486,667,4174828,0
15,npc_dota_hero_razor,Razor,agi,Ranged,"['Carry', 'Durable', 'Nuker', 'Pusher']",/apps/dota2/images/heroes/razor_full.png?,/apps/dota2/images/heroes/razor_icon.png,200,1.0,75,0.0,-1.0,25,23,25,22,22,21,2.8,2.6,2.2,475,2000,1.7,290,0.5,True,0,15,75027,38389,23,9,22,6429,3218,10548,5443,13546,7077,13441,7224,8944,4768,3947,2067,1522,827,250,139,471422,0
16,npc_dota_hero_sand_king,Sand King,str,Melee,"['Initiator', 'Disabler', 'Support', 'Nuker', 'Escape', 'Jungler']",/apps/dota2/images/heroes/sand_king_full.png?,/apps/dota2/images/heroes/sand_king_icon.png,200,,75,0.0,-1.0,25,23,33,22,19,19,3.0,1.8,1.8,150,900,1.7,290,0.5,True,6,16,132095,72313,80,59,124,8725,4781,20029,10626,31268,16591,35266,18555,25857,13525,12983,6767,5832,2963,1595,826,1007068,0
17,npc_dota_hero_storm_spirit,Storm Spirit,int,Ranged,"['Carry', 'Escape', 'Nuker', 'Initiator', 'Disabler']",/apps/dota2/images/heroes/storm_spirit_full.png?,/apps/dota2/images/heroes/storm_spirit_icon.png,200,,75,0.0,2.0,25,26,36,21,22,23,2.0,1.7,3.9,480,1100,1.7,285,0.8,True,2,17,145542,69855,449,72,153,10188,4811,25834,12371,42232,20521,47740,23483,34126,17047,16051,8051,6978,3424,1918,976,1498184,0
18,npc_dota_hero_sven,Sven,str,Melee,"['Carry', 'Disabler', 'Initiator', 'Durable', 'Nuker']",/apps/dota2/images/heroes/sven_full.png?,/apps/dota2/images/heroes/sven_icon.png,200,,75,0.0,1.0,25,41,43,22,21,16,3.2,2.0,1.3,150,0,1.8,325,0.6,True,2,18,139577,66137,88,37,75,17424,8422,31572,14708,37918,17503,30583,13948,16058,7333,5914,2703,1973,928,501,265,2229032,0
19,npc_dota_hero_tiny,Tiny,str,Melee,"['Carry', 'Nuker', 'Pusher', 'Initiator', 'Durable', 'Disabler']",/apps/dota2/images/heroes/tiny_full.png?,/apps/dota2/images/heroes/tiny_icon.png,200,1.0,75,0.0,0.0,25,31,37,28,0,17,3.8,0.0,2.2,150,900,1.7,300,0.5,True,2,19,85895,35852,93,81,189,6303,2670,15095,6649,25463,11231,30193,13452,23508,10486,12175,5588,5789,2612,1987,917,1456146,0
20,npc_dota_hero_vengefulspirit,Vengeful Spirit,agi,Ranged,"['Support', 'Initiator', 'Disabler', 'Nuker', 'Escape']",/apps/dota2/images/heroes/vengefulspirit_full.png?,/apps/dota2/images/heroes/vengefulspirit_icon.png,200,0.25,75,0.0,0.0,25,21,29,19,20,19,2.4,3.8,1.5,400,1500,1.7,290,0.6,True,2,20,118598,59169,111,54,105,8520,4096,20218,10015,31643,15590,35496,17384,25940,12524,12386,5985,4821,2258,1175,543,906634,0
21,npc_dota_hero_windrunner,Windranger,int,Ranged,"['Carry', 'Support', 'Disabler', 'Escape', 'Nuker']",/apps/dota2/images/heroes/windrunner_full.png?,/apps/dota2/images/heroes/windrunner_icon.png,200,,75,0.0,-1.0,25,24,36,18,17,18,3.0,1.4,3.6,600,1250,1.5,290,0.8,True,2,21,369453,192020,97,50,100,24688,12502,52212,26574,74996,37970,77549,39195,52824,26588,24021,12036,9270,4610,2084,1072,3121065,0
22,npc_dota_hero_zuus,Zeus,int,Ranged,['Nuker'],/apps/dota2/images/heroes/zuus_full.png?,/apps/dota2/images/heroes/zuus_icon.png,200,,75,0.0,1.0,25,33,41,19,11,22,2.1,1.2,3.3,380,1100,1.7,310,0.6,True,2,22,333324,177905,197,26,69,22021,11706,45998,24304,64712,34088,66422,34803,43957,22710,19007,9582,7226,3530,1533,692,2530971,0
23,npc_dota_hero_kunkka,Kunkka,str,Melee,"['Carry', 'Support', 'Disabler', 'Initiator', 'Durable', 'Nuker']",/apps/dota2/images/heroes/kunkka_full.png?,/apps/dota2/images/heroes/kunkka_icon.png,200,0.25,75,0.0,1.0,25,26,36,24,14,18,3.8,1.3,1.8,150,900,1.7,300,0.6,True,2,23,103571,47280,221,28,84,8914,3988,19743,8840,28205,13032,28354,13034,17192,7694,6580,2973,2273,1053,477,217,1146808,0
25,npc_dota_hero_lina,Lina,int,Ranged,"['Support', 'Carry', 'Nuker', 'Disabler']",/apps/dota2/images/heroes/lina_full.png?,/apps/dota2/images/heroes/lina_icon.png,200,,75,0.0,0.0,25,19,27,20,23,30,2.4,1.8,3.7,670,1000,1.6,290,0.6,True,2,25,174188,75411,303,118,230,17628,7830,37369,16770,56267,25557,61675,28620,44110,20645,20887,9803,8798,4181,2277,1105,1998464,0
26,npc_dota_hero_lion,Lion,int,Ranged,"['Support', 'Disabler', 'Nuker', 'Initiator']",/apps/dota2/images/heroes/lion_full.png?,/apps/dota2/images/heroes/lion_icon.png,200,,75,0.0,0.0,25,29,35,18,18,18,2.2,1.5,3.5,600,900,1.7,290,0.5,True,2,26,372440,177311,18,20,59,30728,15296,67874,34054,95844,47772,94341,47407,58376,28949,23975,11837,8857,4426,1479,735,3354753,0
27,npc_dota_hero_shadow_shaman,Shadow Shaman,int,Ranged,"['Support', 'Pusher', 'Disabler', 'Nuker', 'Initiator']",/apps/dota2/images/heroes/shadow_shaman_full.png?,/apps/dota2/images/heroes/shadow_shaman_icon.png,200,,75,0.0,2.0,25,46,53,23,16,25,2.3,1.6,3.5,400,900,1.7,285,0.5,True,2,27,202041,106213,46,86,175,19238,9876,40365,20886,57632,29930,58719,30929,39578,20893,18562,9848,7729,4104,2049,1105,1564743,0
28,npc_dota_hero_slardar,Slardar,str,Melee,"['Carry', 'Durable', 'Initiator', 'Disabler', 'Escape']",/apps/dota2/images/heroes/slardar_full.png?,/apps/dota2/images/heroes/slardar_icon.png,200,0.5,75,0.0,3.0,25,30,38,21,17,15,3.6,2.4,1.5,150,0,1.7,300,0.5,True,0,28,151601,79123,345,94,205,13295,6633,30540,15445,44850,22591,46200,23248,30942,15572,14139,7094,5981,2956,1615,776,1657411,0
29,npc_dota_hero_tidehunter,Tidehunter,str,Melee,"['Initiator', 'Durable', 'Disabler', 'Nuker']",/apps/dota2/images/heroes/tidehunter_full.png?,/apps/dota2/images/heroes/tidehunter_icon.png,200,,75,0.0,0.0,25,25,31,27,15,18,3.5,1.5,1.7,150,900,1.7,300,0.5,True,2,29,90151,47603,229,84,173,8386,4438,21728,11484,32882,17622,34255,18200,22320,12023,9879,5192,4167,2228,1215,608,1101403,0
30,npc_dota_hero_witch_doctor,Witch Doctor,int,Ranged,"['Support', 'Nuker', 'Disabler']",/apps/dota2/images/heroes/witch_doctor_full.png?,/apps/dota2/images/heroes/witch_doctor_icon.png,200,,75,0.0,0.0,25,29,39,18,13,22,2.3,1.4,3.3,600,1200,1.7,300,0.5,True,2,30,179949,87538,17,36,77,21957,10953,48205,23899,65978,32627,63813,31374,39672,19311,16364,7787,5706,2713,1289,598,2253520,0
31,npc_dota_hero_lich,Lich,int,Ranged,"['Support', 'Nuker']",/apps/dota2/images/heroes/lich_full.png?,/apps/dota2/images/heroes/lich_icon.png,200,,75,0.75,-1.0,25,24,33,20,15,24,2.1,2.0,4.1,550,900,1.7,295,0.5,True,2,31,104738,50499,24,62,147,12606,6341,26765,13252,39922,19894,43592,21848,31610,15573,15818,7803,7203,3509,1929,904,1536631,0
32,npc_dota_hero_riki,Riki,agi,Melee,"['Carry', 'Escape', 'Disabler']",/apps/dota2/images/heroes/riki_full.png?,/apps/dota2/images/heroes/riki_icon.png,200,3.0,75,0.0,3.0,25,41,45,18,18,14,2.4,1.4,1.3,150,900,1.7,320,0.6,True,2,32,186101,97377,168,55,121,14023,7340,26622,14338,34029,18639,34079,18582,24325,13433,12117,6624,5239,2840,1560,825,1032534,0
33,npc_dota_hero_enigma,Enigma,int,Ranged,"['Disabler', 'Jungler', 'Initiator', 'Pusher']",/apps/dota2/images/heroes/enigma_full.png?,/apps/dota2/images/heroes/enigma_icon.png,200,,75,0.0,2.0,25,24,30,21,14,19,2.5,1.0,3.6,500,900,1.7,290,0.5,True,0,33,111702,60971,90,36,82,5315,2814,13522,7174,19942,10619,19793,10638,12598,6671,5729,3013,2432,1341,955,533,560628,0
34,npc_dota_hero_tinker,Tinker,int,Ranged,"['Carry', 'Nuker', 'Pusher']",/apps/dota2/images/heroes/tinker_full.png?,/apps/dota2/images/heroes/tinker_icon.png,200,,75,0.75,2.0,25,24,30,18,13,30,2.5,1.2,3.3,500,900,1.7,290,0.6,True,2,34,108783,46998,138,8,25,6901,3029,17803,8111,29520,13486,31604,14650,21955,10160,10554,5130,4313,2117,889,436,877496,0
35,npc_dota_hero_sniper,Sniper,agi,Ranged,"['Carry', 'Nuker']",/apps/dota2/images/heroes/sniper_full.png?,/apps/dota2/images/heroes/sniper_icon.png,200,,75,0.0,-1.0,25,13,19,19,27,15,2.0,3.2,2.6,550,3000,1.7,285,0.7,True,2,35,539513,270285,3,4,8,31656,15684,57773,28241,68394,33415,54741,26854,26894,13082,7956,3765,1875,882,203,94,2302741,0
36,npc_dota_hero_necrolyte,Necrophos,int,Ranged,"['Carry', 'Nuker', 'Durable', 'Disabler']",/apps/dota2/images/heroes/necrolyte_full.png?,/apps/dota2/images/heroes/necrolyte_icon.png,200,,75,0.0,1.0,25,26,30,18,12,21,2.6,1.3,2.7,500,900,1.7,280,0.5,True,2,36,104226,52883,22,12,21,9935,5065,21142,10700,27810,14017,26188,13147,15650,7913,6364,3164,2147,1080,357,159,1151840,0
37,npc_dota_hero_warlock,Warlock,int,Ranged,"['Support', 'Initiator', 'Disabler']",/apps/dota2/images/heroes/warlock_full.png?,/apps/dota2/images/heroes/warlock_icon.png,200,,75,0.0,1.0,25,24,34,26,10,25,3.0,1.0,3.1,600,1200,1.7,290,0.5,True,2,37,79070,44412,12,15,34,6878,3690,15078,7921,21218,11226,21691,11425,14784,7720,6673,3465,2829,1428,637,311,928579,0
38,npc_dota_hero_beastmaster,Beastmaster,str,Melee,"['Initiator', 'Disabler', 'Durable', 'Nuker']",/apps/dota2/images/heroes/beastmaster_full.png?,/apps/dota2/images/heroes/beastmaster_icon.png,200,,75,0.0,-1.0,25,37,41,23,18,16,2.9,1.6,1.9,150,0,1.7,305,0.5,True,2,38,24059,10804,409,106,158,1484,624,3545,1678,6074,2883,7895,3967,6725,3472,4309,2268,2797,1532,1270,698,291539,0
39,npc_dota_hero_queenofpain,Queen of Pain,int,Ranged,"['Carry', 'Nuker', 'Escape']",/apps/dota2/images/heroes/queenofpain_full.png?,/apps/dota2/images/heroes/queenofpain_icon.png,200,,75,0.0,0.0,25,20,28,18,22,25,2.4,2.5,3.4,550,1500,1.5,290,0.5,True,2,39,139955,65199,192,46,97,11048,5188,26272,12526,41657,20046,45562,21993,31229,15177,14185,6980,5786,2803,1448,711,1977341,0
40,npc_dota_hero_venomancer,Venomancer,agi,Ranged,"['Support', 'Nuker', 'Initiator', 'Pusher', 'Disabler']",/apps/dota2/images/heroes/venomancer_full.png?,/apps/dota2/images/heroes/venomancer_icon.png,200,,75,0.0,0.0,25,16,18,19,26,19,2.1,3.2,1.8,450,900,1.7,280,0.5,True,0,40,134836,67381,73,29,47,8852,4420,19094,9546,27391,13638,28102,14247,18109,9106,7812,4004,3052,1527,753,381,1266318,0
41,npc_dota_hero_faceless_void,Faceless Void,agi,Melee,"['Carry', 'Initiator', 'Disabler', 'Escape', 'Durable']",/apps/dota2/images/heroes/faceless_void_full.png?,/apps/dota2/images/heroes/faceless_void_icon.png,200,0.5,75,0.0,0.0,25,37,43,22,19,15,2.4,3.0,1.5,150,900,1.7,300,1.0,True,2,41,225516,108284,352,36,96,22026,10301,47802,21874,65732,30176,61630,28238,37069,16982,15287,6996,5436,2519,1158,531,2807122,0
42,npc_dota_hero_skeleton_king,Wraith King,str,Melee,"['Carry', 'Support', 'Durable', 'Disabler', 'Initiator']",/apps/dota2/images/heroes/skeleton_king_full.png?,/apps/dota2/images/heroes/skeleton_king_icon.png,200,,75,0.0,-1.0,25,40,42,22,18,18,3.0,1.7,1.6,150,0,1.7,315,0.5,True,2,42,341592,196771,200,114,221,25104,14314,53497,30269,73274,40711,73494,40390,49465,26728,22752,12148,9496,5011,2523,1323,1848463,0
43,npc_dota_hero_death_prophet,Death Prophet,int,Ranged,"['Carry', 'Pusher', 'Nuker', 'Disabler']",/apps/dota2/images/heroes/death_prophet_full.png?,/apps/dota2/images/heroes/death_prophet_icon.png,200,,75,0.0,1.0,25,27,39,19,14,24,3.1,1.4,3.5,600,1000,1.7,335,0.8,True,2,43,51661,24758,241,71,142,5299,2490,9482,4590,12082,5890,12005,5942,8085,4006,3886,1939,2018,1080,703,375,439175,0
44,npc_dota_hero_phantom_assassin,Phantom Assassin,agi,Melee,"['Carry', 'Escape']",/apps/dota2/images/heroes/phantom_assassin_full.png?,/apps/dota2/images/heroes/phantom_assassin_icon.png,200,0.25,75,0.0,1.0,25,30,32,21,23,15,2.2,3.4,1.4,150,900,1.7,305,0.6,True,2,44,376000,194213,307,105,223,29940,14923,62868,31221,87511,42743,88516,42452,57368,27375,26118,12345,10910,5131,2738,1219,3011423,0
45,npc_dota_hero_pugna,Pugna,int,Ranged,"['Nuker', 'Pusher']",/apps/dota2/images/heroes/pugna_full.png?,/apps/dota2/images/heroes/pugna_icon.png,200,,75,0.5,0.0,25,19,27,19,24,24,2.0,1.3,5.2,630,900,1.7,330,0.5,True,2,45,109932,52644,145,56,86,7884,3679,15154,7307,21522,10446,22299,10912,15759,7825,7509,3732,3308,1708,1042,543,979202,0
46,npc_dota_hero_templar_assassin,Templar Assassin,agi,Ranged,"['Carry', 'Escape']",/apps/dota2/images/heroes/templar_assassin_full.png?,/apps/dota2/images/heroes/templar_assassin_icon.png,200,0.25,75,0.0,1.0,25,30,36,21,23,20,2.4,3.2,2.0,160,900,1.7,305,0.7,True,2,46,55558,24866,243,31,63,5456,2361,11283,5015,15884,7319,17381,8290,12502,6148,6311,3234,3061,1562,1033,544,736702,0
47,npc_dota_hero_viper,Viper,agi,Ranged,"['Carry', 'Durable', 'Initiator', 'Disabler']",/apps/dota2/images/heroes/viper_full.png?,/apps/dota2/images/heroes/viper_icon.png,200,,75,0.0,-2.0,25,27,29,21,21,17,2.4,2.5,2.0,575,1200,1.7,275,0.5,True,0,47,233583,113527,521,78,202,18455,8694,30942,14645,40480,19666,39425,19067,24883,12169,10745,5277,4535,2229,1355,645,1405504,0
48,npc_dota_hero_luna,Luna,agi,Ranged,"['Carry', 'Nuker', 'Pusher']",/apps/dota2/images/heroes/luna_full.png?,/apps/dota2/images/heroes/luna_icon.png,200,0.5,75,0.0,2.0,25,26,32,21,24,23,2.2,3.4,1.9,330,900,1.7,325,0.6,True,2,48,162059,83618,11,13,26,12893,6506,23222,11729,28918,14552,27184,13709,17069,8691,6958,3521,2563,1313,598,292,1050956,0
49,npc_dota_hero_dragon_knight,Dragon Knight,str,Melee,"['Carry', 'Pusher', 'Durable', 'Disabler', 'Initiator', 'Nuker']",/apps/dota2/images/heroes/dragon_knight_full.png?,/apps/dota2/images/heroes/dragon_knight_icon.png,200,,75,0.0,0.0,25,31,37,21,19,18,3.4,2.0,1.7,150,900,1.7,310,0.6,True,2,49,88375,45998,42,18,47,10993,5758,21745,11375,26735,13750,22284,11542,12000,6040,4583,2326,1527,753,382,187,853401,0
50,npc_dota_hero_dazzle,Dazzle,int,Ranged,"['Support', 'Nuker', 'Disabler']",/apps/dota2/images/heroes/dazzle_full.png?,/apps/dota2/images/heroes/dazzle_icon.png,200,,75,0.0,-1.0,25,22,28,18,21,25,2.5,1.7,3.7,550,1200,1.7,305,0.6,True,2,50,122848,62974,5,1,8,11040,5656,26918,13601,37269,18760,34801,17306,20296,9888,7708,3727,2451,1195,367,179,1166913,0
51,npc_dota_hero_rattletrap,Clockwerk,str,Melee,"['Initiator', 'Disabler', 'Durable', 'Nuker']",/apps/dota2/images/heroes/rattletrap_full.png?,/apps/dota2/images/heroes/rattletrap_icon.png,200,,75,0.0,0.0,25,24,26,26,13,18,3.5,2.3,1.5,150,900,1.7,310,0.6,True,2,51,89916,47504,96,118,201,5091,2556,15001,7539,25904,13164,30397,15455,22300,11487,11007,5656,4677,2367,1379,718,1158092,0
52,npc_dota_hero_leshrac,Leshrac,int,Ranged,"['Carry', 'Support', 'Nuker', 'Pusher', 'Disabler']",/apps/dota2/images/heroes/leshrac_full.png?,/apps/dota2/images/heroes/leshrac_icon.png,200,,75,0.0,0.0,25,22,26,20,23,22,2.5,2.8,3.5,575,900,1.7,325,0.5,True,4,52,45605,20416,327,102,195,3296,1498,7427,3429,12100,5526,14598,6863,12572,5983,6868,3314,3671,1799,1620,833,487505,0
53,npc_dota_hero_furion,Nature's Prophet,int,Ranged,"['Carry', 'Jungler', 'Pusher', 'Escape', 'Nuker']",/apps/dota2/images/heroes/furion_full.png?,/apps/dota2/images/heroes/furion_icon.png,200,,75,0.0,0.0,25,27,37,21,22,23,2.6,3.6,3.7,600,1125,1.7,290,0.6,True,2,53,152801,73471,87,69,113,12496,5561,20756,9079,23720,10304,20704,8893,12680,5610,5466,2471,2371,1088,888,425,1098993,0
54,npc_dota_hero_life_stealer,Lifestealer,str,Melee,"['Carry', 'Durable', 'Jungler', 'Escape', 'Disabler']",/apps/dota2/images/heroes/life_stealer_full.png?,/apps/dota2/images/heroes/life_stealer_icon.png,200,,75,0.0,1.0,25,21,27,25,18,15,2.4,2.4,1.8,150,900,1.7,325,1.0,True,2,54,111586,53197,161,29,81,10390,4722,22342,10390,29768,13738,28621,12966,18399,8387,8189,3757,3166,1456,669,289,1319232,0
55,npc_dota_hero_dark_seer,Dark Seer,int,Melee,"['Initiator', 'Jungler', 'Escape', 'Disabler']",/apps/dota2/images/heroes/dark_seer_full.png?,/apps/dota2/images/heroes/dark_seer_icon.png,200,,75,0.0,2.0,25,33,39,20,18,21,3.1,1.8,3.1,150,900,1.7,295,0.6,True,2,55,60826,33386,74,40,71,3242,1734,6966,3734,9972,5254,10383,5480,7560,4007,3570,1817,1646,854,589,307,391424,0
56,npc_dota_hero_clinkz,Clinkz,agi,Ranged,"['Carry', 'Escape', 'Pusher']",/apps/dota2/images/heroes/clinkz_full.png?,/apps/dota2/images/heroes/clinkz_icon.png,200,0.25,75,0.0,0.0,25,15,21,14,22,18,2.2,2.7,2.2,625,900,1.7,290,0.5,True,2,56,180648,98800,50,11,26,12992,6665,24412,12846,30631,16389,31131,16972,21900,11924,10590,5785,4408,2320,826,423,1323042,0
57,npc_dota_hero_omniknight,Omniknight,str,Melee,"['Support', 'Durable', 'Nuker']",/apps/dota2/images/heroes/omniknight_full.png?,/apps/dota2/images/heroes/omniknight_icon.png,200,,75,0.0,1.0,25,31,41,22,15,15,3.4,1.8,1.8,150,900,1.7,310,0.6,True,2,57,60483,30303,102,28,62,4378,2225,9971,5050,14195,7366,14536,7474,9582,4929,4246,2132,1737,905,434,225,400345,0
58,npc_dota_hero_enchantress,Enchantress,int,Ranged,"['Support', 'Jungler', 'Pusher', 'Durable', 'Disabler']",/apps/dota2/images/heroes/enchantress_full.png?,/apps/dota2/images/heroes/enchantress_icon.png,200,,75,0.0,1.0,25,23,33,17,19,22,1.7,1.8,3.8,575,900,1.7,320,0.6,True,4,58,56355,25562,107,62,109,5205,2338,7878,3377,9110,4033,8430,3663,5675,2434,2629,1161,1279,582,563,273,445737,0
59,npc_dota_hero_huskar,Huskar,str,Ranged,"['Carry', 'Durable', 'Initiator']",/apps/dota2/images/heroes/huskar_full.png?,/apps/dota2/images/heroes/huskar_icon.png,200,,75,0.0,-1.0,25,21,26,21,15,18,3.2,1.8,1.5,400,1400,1.6,290,0.5,True,2,59,127412,63036,30,0,7,10969,5307,15962,7536,17155,8098,14272,6875,7904,3844,3138,1591,1293,666,195,105,669455,0
60,npc_dota_hero_night_stalker,Night Stalker,str,Melee,"['Carry', 'Initiator', 'Durable', 'Disabler', 'Nuker']",/apps/dota2/images/heroes/night_stalker_full.png?,/apps/dota2/images/heroes/night_stalker_icon.png,200,2.25,75,0.0,2.0,25,38,42,23,18,15,3.0,2.3,1.6,150,900,1.7,295,0.5,True,2,60,50466,24455,131,41,95,5012,2512,12137,6249,19697,10156,22834,12121,16652,8992,8465,4526,4101,2160,1044,544,856387,0
61,npc_dota_hero_broodmother,Broodmother,agi,Melee,"['Carry', 'Pusher', 'Escape', 'Nuker']",/apps/dota2/images/heroes/broodmother_full.png?,/apps/dota2/images/heroes/broodmother_icon.png,200,,75,0.0,0.0,25,29,35,18,15,18,3.2,3.0,2.0,150,900,1.7,275,0.5,True,8,61,29408,12616,115,12,24,2742,1287,4672,2313,6109,3005,6135,3090,4579,2391,2579,1429,1449,836,527,304,301048,0
62,npc_dota_hero_bounty_hunter,Bounty Hunter,agi,Melee,"['Escape', 'Nuker']",/apps/dota2/images/heroes/bounty_hunter_full.png?,/apps/dota2/images/heroes/bounty_hunter_icon.png,200,1.25,75,0.5,4.0,25,30,38,20,21,22,2.5,2.6,1.9,150,900,1.7,320,0.6,True,2,62,168077,79950,18,19,40,14624,7514,25761,13220,34751,18445,36621,19560,26334,14150,12359,6558,5469,2873,1578,859,1159412,0
63,npc_dota_hero_weaver,Weaver,agi,Ranged,"['Carry', 'Escape']",/apps/dota2/images/heroes/weaver_full.png?,/apps/dota2/images/heroes/weaver_icon.png,200,1.0,75,0.75,0.0,25,36,46,16,14,16,2.0,3.1,2.0,425,900,1.8,275,0.5,True,4,63,177325,90763,87,46,97,13455,6611,22568,11122,27417,13633,24937,12572,16203,8247,7321,3776,3213,1643,976,530,964639,0
64,npc_dota_hero_jakiro,Jakiro,int,Ranged,"['Support', 'Nuker', 'Pusher', 'Disabler']",/apps/dota2/images/heroes/jakiro_full.png?,/apps/dota2/images/heroes/jakiro_icon.png,200,,75,0.0,1.0,25,27,35,27,10,26,3.0,1.2,2.8,400,1100,1.7,290,0.5,True,2,64,102455,51759,13,44,96,9239,4644,23636,11975,38286,19112,43169,21481,30522,15209,14481,7142,5838,2903,1325,655,1620540,0
65,npc_dota_hero_batrider,Batrider,int,Ranged,"['Initiator', 'Jungler', 'Disabler', 'Escape']",/apps/dota2/images/heroes/batrider_full.png?,/apps/dota2/images/heroes/batrider_icon.png,200,1.75,75,0.0,1.0,25,16,20,28,15,22,2.9,1.8,2.9,375,900,1.7,290,1.0,True,2,65,36181,15204,671,134,208,2176,934,5181,2297,8764,3872,10778,4918,8838,4112,5514,2637,3188,1599,1877,1011,349594,0
66,npc_dota_hero_chen,Chen,int,Ranged,"['Support', 'Jungler', 'Pusher']",/apps/dota2/images/heroes/chen_full.png?,/apps/dota2/images/heroes/chen_icon.png,200,,75,0.0,-1.0,25,25,35,25,15,19,2.0,2.1,3.2,650,1100,1.7,300,0.6,True,2,66,17071,6948,30,12,22,868,389,1630,737,2236,1077,2448,1120,1923,916,998,505,537,280,258,128,121064,0
67,npc_dota_hero_spectre,Spectre,agi,Melee,"['Carry', 'Durable', 'Escape']",/apps/dota2/images/heroes/spectre_full.png?,/apps/dota2/images/heroes/spectre_icon.png,200,1.5,75,0.0,0.0,25,23,27,23,23,16,2.5,2.1,1.9,150,900,1.7,290,0.5,True,0,67,136219,75621,180,40,104,14009,7647,34441,18233,50999,26806,51805,26611,33349,16902,13699,6830,4950,2452,958,428,2377231,0
68,npc_dota_hero_ancient_apparition,Ancient Apparition,int,Ranged,"['Support', 'Disabler', 'Nuker']",/apps/dota2/images/heroes/ancient_apparition_full.png?,/apps/dota2/images/heroes/ancient_apparition_icon.png,200,,75,0.0,-1.0,25,21,31,20,20,23,1.9,2.2,3.4,675,1250,1.7,285,0.6,True,2,68,131318,69754,113,34,71,7284,3901,21099,11249,33961,18181,36383,19443,24961,13304,11032,5811,4249,2273,985,480,1085958,0
69,npc_dota_hero_doom_bringer,Doom,str,Melee,"['Carry', 'Disabler', 'Initiator', 'Durable', 'Nuker']",/apps/dota2/images/heroes/doom_bringer_full.png?,/apps/dota2/images/heroes/doom_bringer_icon.png,200,,75,0.0,0.0,25,30,46,24,11,15,3.7,0.9,2.1,200,900,2.0,285,0.5,True,2,69,45501,19466,167,55,100,4627,2087,11291,5062,17677,7918,19654,9054,14301,6597,6730,3073,2889,1384,735,360,988262,0
70,npc_dota_hero_ursa,Ursa,agi,Melee,"['Carry', 'Jungler', 'Durable', 'Disabler']",/apps/dota2/images/heroes/ursa_full.png?,/apps/dota2/images/heroes/ursa_icon.png,200,0.5,75,0.0,1.0,25,24,28,24,18,16,2.6,2.4,1.5,150,900,1.7,310,0.5,True,2,70,159957,85994,293,82,179,11541,5719,25504,12885,38984,19965,42355,21713,30424,15518,15113,7697,6570,3328,1922,930,1202297,0
71,npc_dota_hero_spirit_breaker,Spirit Breaker,str,Melee,"['Carry', 'Initiator', 'Disabler', 'Durable', 'Escape']",/apps/dota2/images/heroes/spirit_breaker_full.png?,/apps/dota2/images/heroes/spirit_breaker_icon.png,200,1.25,75,0.0,2.0,25,31,41,29,17,14,3.1,1.7,1.8,150,900,1.9,290,0.5,True,2,71,201289,101852,17,18,54,16522,8618,31827,16467,40368,20781,38638,19888,25108,12952,11439,5902,4975,2524,1406,709,1301991,0
72,npc_dota_hero_gyrocopter,Gyrocopter,agi,Ranged,"['Carry', 'Nuker', 'Disabler']",/apps/dota2/images/heroes/gyrocopter_full.png?,/apps/dota2/images/heroes/gyrocopter_icon.png,200,,75,0.0,2.0,25,16,22,22,26,21,2.5,3.6,2.1,365,3000,1.7,315,0.6,True,2,72,76709,38919,26,33,61,6051,3042,11731,5726,16363,8018,16504,7994,10918,5294,4773,2281,1813,886,437,206,574452,0
73,npc_dota_hero_alchemist,Alchemist,str,Melee,"['Carry', 'Support', 'Durable', 'Disabler', 'Initiator', 'Nuker']",/apps/dota2/images/heroes/alchemist_full.png?,/apps/dota2/images/heroes/alchemist_icon.png,200,,75,0.0,-1.0,25,24,33,25,22,25,2.7,1.5,1.8,150,900,1.7,305,0.6,True,2,73,54569,24004,75,12,24,7249,3567,16776,8562,22610,11917,21373,11320,13321,7160,5586,2995,2048,1088,443,241,782271,0
74,npc_dota_hero_invoker,Invoker,int,Ranged,"['Carry', 'Nuker', 'Disabler', 'Escape', 'Pusher']",/apps/dota2/images/heroes/invoker_full.png?,/apps/dota2/images/heroes/invoker_icon.png,200,,75,0.0,0.0,25,29,35,18,14,15,2.4,1.9,4.6,600,900,1.7,280,0.5,True,2,74,350345,172895,448,118,205,18547,8847,47677,23049,75724,37532,81727,40827,56233,28529,25686,13012,10067,5159,2346,1214,2825629,0
75,npc_dota_hero_silencer,Silencer,int,Ranged,"['Carry', 'Support', 'Disabler', 'Initiator', 'Nuker']",/apps/dota2/images/heroes/silencer_full.png?,/apps/dota2/images/heroes/silencer_icon.png,200,,75,0.0,-1.0,25,18,32,19,22,25,2.7,2.4,2.9,600,900,1.7,290,0.6,True,2,75,208722,108077,41,9,34,15490,8175,35718,18606,50005,25851,49665,25163,31341,16037,12751,6477,4352,2141,770,372,1354209,0
76,npc_dota_hero_obsidian_destroyer,Outworld Devourer,int,Ranged,"['Carry', 'Nuker', 'Disabler']",/apps/dota2/images/heroes/obsidian_destroyer_full.png?,/apps/dota2/images/heroes/obsidian_destroyer_icon.png,200,,75,0.0,1.5,25,19,31,21,22,30,2.9,1.3,4.2,450,900,1.9,310,0.5,True,4,76,52590,23538,32,4,8,3043,1288,6533,2795,10098,4218,11321,4753,7975,3339,3872,1604,1462,570,376,151,552080,0
77,npc_dota_hero_lycan,Lycan,str,Melee,"['Carry', 'Pusher', 'Jungler', 'Durable', 'Escape']",/apps/dota2/images/heroes/lycan_full.png?,/apps/dota2/images/heroes/lycan_icon.png,200,,75,0.0,-1.0,25,24,29,26,16,23,3.4,1.0,1.4,150,900,1.7,305,0.5,True,2,77,44611,20481,478,54,89,3555,1636,7394,3523,10297,5039,11202,5750,9029,4850,5474,3063,3293,1848,1502,887,204413,0
78,npc_dota_hero_brewmaster,Brewmaster,str,Melee,"['Carry', 'Initiator', 'Durable', 'Disabler', 'Nuker']",/apps/dota2/images/heroes/brewmaster_full.png?,/apps/dota2/images/heroes/brewmaster_icon.png,200,0.5,75,0.0,-1.0,25,29,36,23,19,15,3.7,2.0,1.6,150,900,1.7,305,0.6,True,2,78,24896,11851,96,54,119,1785,857,4010,1955,6329,3152,7953,3990,6748,3300,3894,1970,1997,944,694,304,248096,0
79,npc_dota_hero_shadow_demon,Shadow Demon,int,Ranged,"['Support', 'Disabler', 'Initiator', 'Nuker']",/apps/dota2/images/heroes/shadow_demon_full.png?,/apps/dota2/images/heroes/shadow_demon_icon.png,200,,75,0.0,0.0,25,29,33,23,18,21,2.6,2.2,3.3,500,900,1.7,290,0.6,True,2,79,39851,17516,77,76,153,2453,1085,5970,2686,10034,4682,12230,5791,9259,4308,4744,2249,2134,986,677,305,451900,0
80,npc_dota_hero_lone_druid,Lone Druid,agi,Ranged,"['Carry', 'Pusher', 'Jungler', 'Durable']",/apps/dota2/images/heroes/lone_druid_full.png?,/apps/dota2/images/heroes/lone_druid_icon.png,200,0.25,75,0.0,-2.0,25,18,22,18,20,13,2.5,2.8,1.4,550,900,1.7,325,0.5,True,2,80,35104,15464,15,5,14,2961,1437,5612,2683,7380,3531,7193,3556,4808,2387,2248,1130,912,488,157,78,384021,0
81,npc_dota_hero_chaos_knight,Chaos Knight,str,Melee,"['Carry', 'Disabler', 'Durable', 'Pusher', 'Initiator']",/apps/dota2/images/heroes/chaos_knight_full.png?,/apps/dota2/images/heroes/chaos_knight_icon.png,200,,75,0.0,2.0,25,29,59,22,18,18,3.4,1.4,1.2,150,900,1.7,320,0.5,True,2,81,105769,57088,70,30,73,13192,6881,23472,12542,26866,14082,23640,12510,14605,7664,6920,3657,3196,1712,983,521,824546,0
82,npc_dota_hero_meepo,Meepo,agi,Melee,"['Carry', 'Escape', 'Nuker', 'Disabler', 'Initiator', 'Pusher']",/apps/dota2/images/heroes/meepo_full.png?,/apps/dota2/images/heroes/meepo_icon.png,200,0.25,75,0.0,4.0,25,29,35,24,17,20,1.8,1.8,1.6,150,900,1.7,330,0.7,True,2,82,41675,17998,63,4,10,3564,1786,6201,3033,7946,3936,7580,3601,4742,2240,2161,1044,840,409,183,90,302680,0
83,npc_dota_hero_treant,Treant Protector,str,Melee,"['Support', 'Initiator', 'Durable', 'Disabler', 'Escape']",/apps/dota2/images/heroes/treant_full.png?,/apps/dota2/images/heroes/treant_icon.png,200,,75,0.5,-1.0,25,62,70,25,15,20,3.4,2.0,1.8,150,900,1.9,280,0.5,True,2,83,79872,40546,13,15,44,7555,3965,17087,8996,24746,12947,25862,13254,17756,8951,8373,4312,3741,1921,887,451,1001567,0
84,npc_dota_hero_ogre_magi,Ogre Magi,int,Melee,"['Support', 'Nuker', 'Disabler', 'Durable', 'Initiator']",/apps/dota2/images/heroes/ogre_magi_full.png?,/apps/dota2/images/heroes/ogre_magi_icon.png,200,3.25,75,0.0,5.0,25,37,43,23,14,15,3.5,1.5,2.5,150,900,1.7,290,0.6,True,2,84,501434,280420,46,76,179,29884,16166,68257,37403,95481,51712,94410,51027,59689,32273,25273,13478,9729,5127,1918,996,3255359,0
85,npc_dota_hero_undying,Undying,str,Melee,"['Support', 'Durable', 'Disabler', 'Nuker']",/apps/dota2/images/heroes/undying_full.png?,/apps/dota2/images/heroes/undying_icon.png,200,,75,0.0,1.0,25,35,43,22,10,27,2.8,0.8,2.8,150,900,1.7,300,0.6,True,2,85,119963,63099,430,173,320,11232,5818,23386,11840,32330,16354,32252,16343,22315,11172,11248,5674,5526,2770,1937,961,1110726,0
86,npc_dota_hero_rubick,Rubick,int,Ranged,"['Support', 'Disabler', 'Nuker']",/apps/dota2/images/heroes/rubick_full.png?,/apps/dota2/images/heroes/rubick_icon.png,200,,75,0.0,0.0,25,24,30,21,23,25,2.0,2.5,3.1,550,1125,1.7,290,0.7,True,2,86,236202,106249,145,161,321,11978,5287,33398,15078,59831,27273,71072,32565,53115,24655,25858,12041,11019,5251,3214,1519,2326793,0
87,npc_dota_hero_disruptor,Disruptor,int,Ranged,"['Support', 'Disabler', 'Nuker', 'Initiator']",/apps/dota2/images/heroes/disruptor_full.png?,/apps/dota2/images/heroes/disruptor_icon.png,200,,75,0.0,0.0,25,29,33,21,15,20,2.4,1.4,2.9,625,1200,1.7,295,0.5,True,2,87,78953,37094,22,44,90,7823,3885,20348,9975,32808,16122,36691,18186,26225,12979,12280,5964,5105,2420,1310,642,1380217,0
88,npc_dota_hero_nyx_assassin,Nyx Assassin,agi,Melee,"['Disabler', 'Nuker', 'Initiator', 'Escape']",/apps/dota2/images/heroes/nyx_assassin_full.png?,/apps/dota2/images/heroes/nyx_assassin_icon.png,200,2.5,75,0.0,1.0,25,27,31,18,19,21,2.5,2.5,2.1,150,900,1.7,315,0.5,True,6,88,165849,88810,422,164,251,6901,3569,16778,8827,26307,13953,30744,16548,23682,12776,12065,6567,5828,3236,2004,1106,653234,0
89,npc_dota_hero_naga_siren,Naga Siren,agi,Melee,"['Carry', 'Support', 'Pusher', 'Disabler', 'Initiator', 'Escape']",/apps/dota2/images/heroes/naga_siren_full.png?,/apps/dota2/images/heroes/naga_siren_icon.png,200,1.5,75,0.0,3.0,25,23,25,22,21,21,2.8,3.5,2.0,150,900,1.7,330,0.5,True,0,89,46205,24239,84,14,29,4241,2233,7660,3924,8892,4415,8144,4198,5318,2633,2538,1313,1320,659,447,227,327778,0
90,npc_dota_hero_keeper_of_the_light,Keeper of the Light,int,Ranged,"['Support', 'Nuker', 'Disabler', 'Jungler']",/apps/dota2/images/heroes/keeper_of_the_light_full.png?,/apps/dota2/images/heroes/keeper_of_the_light_icon.png,200,,75,0.0,-1.0,25,18,25,16,15,23,2.3,1.6,3.2,600,900,1.7,330,0.5,True,2,90,53147,22335,242,124,225,5031,2182,11223,4828,16625,7121,18267,7800,13391,5679,6599,2930,3193,1354,1429,650,664731,0
91,npc_dota_hero_wisp,Io,str,Ranged,"['Support', 'Escape', 'Nuker']",/apps/dota2/images/heroes/wisp_full.png?,/apps/dota2/images/heroes/wisp_icon.png,200,,75,0.0,1.0,25,28,34,17,14,23,3.0,1.6,1.7,500,1200,1.7,320,0.7,True,0,91,56221,24814,374,50,98,3421,1580,7548,3369,11349,5025,12356,5625,9014,4223,4683,2207,2187,1047,830,396,514462,0
92,npc_dota_hero_visage,Visage,int,Ranged,"['Support', 'Nuker', 'Durable', 'Disabler', 'Pusher']",/apps/dota2/images/heroes/visage_full.png?,/apps/dota2/images/heroes/visage_icon.png,200,,75,0.0,-2.0,25,23,33,22,11,22,2.8,1.3,2.9,600,1400,1.7,285,0.5,True,2,92,25191,11735,50,13,27,1392,667,2672,1326,4532,2320,5444,2823,4670,2409,2818,1477,1656,853,570,284,144160,0
93,npc_dota_hero_slark,Slark,agi,Melee,"['Carry', 'Escape', 'Disabler', 'Nuker']",/apps/dota2/images/heroes/slark_full.png?,/apps/dota2/images/heroes/slark_icon.png,200,1.75,75,0.0,0.0,25,32,40,21,21,16,1.9,1.7,1.7,150,0,1.7,300,0.7,True,2,93,225114,111606,182,41,85,19632,9905,45304,22276,64096,31360,64004,31158,41597,20226,18283,8847,6740,3310,1477,745,2256970,0
94,npc_dota_hero_medusa,Medusa,agi,Ranged,"['Carry', 'Disabler', 'Durable']",/apps/dota2/images/heroes/medusa_full.png?,/apps/dota2/images/heroes/medusa_icon.png,200,,75,0.0,-1.0,25,26,32,17,22,23,1.5,3.6,4.0,600,1200,1.7,275,0.5,True,0,94,109901,57761,106,42,87,12703,6576,25404,12859,30471,15269,24772,12139,12639,6038,4228,2004,1178,589,221,100,973826,0
95,npc_dota_hero_troll_warlord,Troll Warlord,agi,Ranged,"['Carry', 'Pusher', 'Disabler', 'Durable']",/apps/dota2/images/heroes/troll_warlord_full.png?,/apps/dota2/images/heroes/troll_warlord_icon.png,200,0.25,75,0.0,-1.0,25,27,35,21,21,13,2.5,3.3,1.0,500,1200,1.7,290,0.5,True,2,95,169660,91772,424,111,193,13947,7338,24727,12919,31778,16370,32614,16856,23389,12057,11489,5854,5356,2734,1758,907,1003044,0
96,npc_dota_hero_centaur,Centaur Warrunner,str,Melee,"['Durable', 'Initiator', 'Disabler', 'Nuker', 'Escape']",/apps/dota2/images/heroes/centaur_full.png?,/apps/dota2/images/heroes/centaur_icon.png,200,,75,0.0,0.0,25,36,38,27,15,15,4.6,1.0,1.6,150,900,1.7,300,0.5,True,4,96,71540,38061,43,58,106,6290,3340,14856,7641,22244,11368,23046,11759,15116,7696,6802,3400,2646,1258,598,301,777681,0
97,npc_dota_hero_magnataur,Magnus,str,Melee,"['Initiator', 'Disabler', 'Nuker', 'Escape']",/apps/dota2/images/heroes/magnataur_full.png?,/apps/dota2/images/heroes/magnataur_icon.png,200,0.5,75,0.0,1.0,25,32,40,25,15,19,3.5,2.5,1.7,150,900,1.8,305,0.8,True,4,97,68799,30311,208,43,87,4030,1824,13252,5914,25322,11619,31143,14295,23296,10948,10930,5146,4531,2170,1100,484,1400769,0
98,npc_dota_hero_shredder,Timbersaw,str,Melee,"['Nuker', 'Durable', 'Escape']",/apps/dota2/images/heroes/shredder_full.png?,/apps/dota2/images/heroes/shredder_icon.png,200,,75,0.5,-1.0,25,26,30,24,16,23,3.2,1.6,2.7,150,900,1.7,290,0.6,True,2,98,83834,41006,526,77,152,7213,3571,16598,7854,25041,12313,26538,12995,18920,9409,9911,4948,4776,2376,1732,898,794761,0
99,npc_dota_hero_bristleback,Bristleback,str,Melee,"['Carry', 'Durable', 'Initiator', 'Nuker']",/apps/dota2/images/heroes/bristleback_full.png?,/apps/dota2/images/heroes/bristleback_icon.png,200,,75,0.0,1.0,25,30,36,22,17,14,2.9,1.8,2.8,150,900,1.8,290,1.0,True,2,99,266843,140524,68,20,55,23042,11979,43988,22245,55440,27373,48632,23628,28095,13317,10947,5056,3462,1509,641,279,1531240,0
100,npc_dota_hero_tusk,Tusk,str,Melee,"['Initiator', 'Disabler', 'Nuker']",/apps/dota2/images/heroes/tusk_full.png?,/apps/dota2/images/heroes/tusk_icon.png,200,1.0,75,0.0,1.0,25,27,31,23,23,18,3.9,2.1,1.7,150,900,1.7,315,0.7,True,2,100,102148,48290,89,126,281,6356,2922,16035,7555,25293,12229,28089,13673,20322,10007,10216,5050,4880,2443,1587,792,1035661,0
101,npc_dota_hero_skywrath_mage,Skywrath Mage,int,Ranged,"['Support', 'Nuker', 'Disabler']",/apps/dota2/images/heroes/skywrath_mage_full.png?,/apps/dota2/images/heroes/skywrath_mage_icon.png,200,,75,0.0,-2.0,25,14,24,21,13,25,2.0,0.8,4.1,625,1000,1.7,325,0.5,True,2,101,207092,104963,11,25,50,15951,8196,30063,15152,37298,18679,34673,17467,22585,11348,10179,5123,4274,2146,1074,515,1441896,0
102,npc_dota_hero_abaddon,Abaddon,str,Melee,"['Support', 'Carry', 'Durable']",/apps/dota2/images/heroes/abaddon_full.png?,/apps/dota2/images/heroes/abaddon_icon.png,200,0.5,75,0.0,-1.0,25,28,38,23,23,18,3.0,1.5,2.0,150,900,1.7,325,0.5,True,2,102,74457,40575,28,22,57,6392,3469,13506,7325,18477,10005,17572,9437,11118,5925,4736,2470,1924,1006,395,219,625082,0
103,npc_dota_hero_elder_titan,Elder Titan,str,Melee,"['Initiator', 'Disabler', 'Nuker', 'Durable']",/apps/dota2/images/heroes/elder_titan_full.png?,/apps/dota2/images/heroes/elder_titan_icon.png,200,,75,0.0,0.0,25,23,33,26,14,23,3.0,1.8,1.6,150,900,1.7,310,0.5,True,2,103,35413,17309,93,91,172,2142,1047,4411,2204,6517,3191,6885,3368,5016,2534,2507,1273,1275,636,483,260,317006,0
104,npc_dota_hero_legion_commander,Legion Commander,str,Melee,"['Carry', 'Disabler', 'Initiator', 'Durable', 'Nuker']",/apps/dota2/images/heroes/legion_commander_full.png?,/apps/dota2/images/heroes/legion_commander_icon.png,200,,75,0.0,0.0,25,35,39,25,18,20,3.3,1.7,2.2,150,900,1.7,330,0.5,True,2,104,248730,117386,141,71,148,24860,12517,52052,25943,69325,34552,67384,33454,43212,21390,18898,9290,7501,3708,1723,845,2502862,0
105,npc_dota_hero_techies,Techies,int,Ranged,"['Nuker', 'Disabler']",/apps/dota2/images/heroes/techies_full.png?,/apps/dota2/images/heroes/techies_icon.png,200,,75,1.0,5.0,25,9,11,19,14,25,2.5,1.3,3.3,700,900,1.7,310,0.5,True,6,105,136578,60757,33,8,19,13217,6751,26976,13593,36573,18293,35085,17295,21956,10662,9229,4491,3361,1646,818,399,1248624,0
106,npc_dota_hero_ember_spirit,Ember Spirit,agi,Melee,"['Carry', 'Escape', 'Nuker', 'Disabler', 'Initiator']",/apps/dota2/images/heroes/ember_spirit_full.png?,/apps/dota2/images/heroes/ember_spirit_icon.png,200,0.5,75,0.0,-1.0,25,33,37,21,22,20,2.6,2.6,2.2,150,900,1.7,305,0.5,True,2,106,107442,48530,254,102,190,6475,2919,17861,8294,31045,14625,36808,17595,26814,12923,12920,6335,5615,2732,1869,933,1344533,0
107,npc_dota_hero_earth_spirit,Earth Spirit,str,Melee,"['Nuker', 'Escape', 'Disabler', 'Initiator', 'Durable']",/apps/dota2/images/heroes/earth_spirit_full.png?,/apps/dota2/images/heroes/earth_spirit_icon.png,200,,75,0.0,0.0,25,25,35,22,17,20,4.4,2.4,2.1,150,900,1.7,290,0.6,True,2,107,66241,29613,209,196,341,3527,1603,10354,4851,19167,9151,24799,11851,20890,10036,11116,5473,5409,2639,2121,1064,746837,0
108,npc_dota_hero_abyssal_underlord,Underlord,str,Melee,"['Support', 'Nuker', 'Disabler', 'Durable', 'Escape']",/apps/dota2/images/heroes/abyssal_underlord_full.png?,/apps/dota2/images/heroes/abyssal_underlord_icon.png,200,,75,0.0,3.0,25,37,43,25,12,17,3.0,1.6,2.3,175,900,1.7,295,0.6,True,2,108,65157,35352,143,39,116,6060,3387,15892,8844,26891,15012,31372,17280,22863,12530,11017,6024,4764,2600,958,473,1105356,0
109,npc_dota_hero_terrorblade,Terrorblade,agi,Melee,"['Carry', 'Pusher', 'Nuker']",/apps/dota2/images/heroes/terrorblade_full.png?,/apps/dota2/images/heroes/terrorblade_icon.png,200,,75,0.0,7.0,25,26,32,15,22,19,1.7,4.8,1.6,150,900,1.5,315,0.5,True,2,109,61682,29960,329,89,158,5166,2404,11059,5179,15643,7181,17608,8180,13445,6314,7642,3653,4244,2058,1718,863,788055,0
110,npc_dota_hero_phoenix,Phoenix,str,Ranged,"['Support', 'Nuker', 'Initiator', 'Escape', 'Disabler']",/apps/dota2/images/heroes/phoenix_full.png?,/apps/dota2/images/heroes/phoenix_icon.png,200,1.0,75,0.0,-1.0,25,26,36,23,12,16,3.5,1.3,1.8,525,1100,1.7,280,1.0,True,2,110,74888,37017,271,139,287,4365,2204,12651,6305,22110,11140,27828,14030,22731,11542,12527,6454,6222,3208,2132,1111,1056410,0
111,npc_dota_hero_oracle,Oracle,int,Ranged,"['Support', 'Nuker', 'Disabler', 'Escape']",/apps/dota2/images/heroes/oracle_full.png?,/apps/dota2/images/heroes/oracle_icon.png,200,,75,0.5,0.0,25,13,19,20,15,26,2.4,1.7,4.0,620,900,1.7,295,0.7,True,2,111,53965,24842,168,118,233,2866,1262,8113,3891,15808,7514,20968,10350,17726,8913,9808,4974,4963,2506,1772,925,718645,0
112,npc_dota_hero_winter_wyvern,Winter Wyvern,int,Ranged,"['Support', 'Disabler', 'Nuker']",/apps/dota2/images/heroes/winter_wyvern_full.png?,/apps/dota2/images/heroes/winter_wyvern_icon.png,200,,75,0.0,-1.0,25,14,21,24,16,26,2.6,1.9,3.6,425,700,1.7,285,0.5,True,2,112,58603,28490,41,21,46,4458,2117,10194,4882,15095,7426,16283,8123,11972,6056,6027,3092,3026,1615,869,462,692468,0
113,npc_dota_hero_arc_warden,Arc Warden,agi,Ranged,"['Carry', 'Escape', 'Nuker']",/apps/dota2/images/heroes/arc_warden_full.png?,/apps/dota2/images/heroes/arc_warden_icon.png,200,0.25,75,0.0,-1.0,25,31,41,25,16,24,2.8,2.5,2.6,625,900,1.7,285,0.7,True,2,113,65340,33821,145,23,48,4192,2103,10434,5257,16787,8992,18932,10128,14535,7776,7411,3931,3240,1760,679,398,714955,0
114,npc_dota_hero_monkey_king,Monkey King,agi,Melee,"['Carry', 'Escape', 'Disabler', 'Initiator']",/apps/dota2/images/heroes/monkey_king_full.png?,/apps/dota2/images/heroes/monkey_king_icon.png,200,1.5,75,0.0,2.0,25,29,35,19,22,20,2.8,3.7,1.8,300,900,1.7,305,0.6,True,2,114,205874,103482,348,134,222,19081,9754,39497,20414,56572,29504,60023,32069,43412,23159,21162,11501,9288,5010,2599,1386,1498335,0
119,npc_dota_hero_dark_willow,Dark Willow,int,Ranged,"['Support', 'Nuker', 'Disabler', 'Escape']",/apps/dota2/images/heroes/dark_willow_full.png?,/apps/dota2/images/heroes/dark_willow_icon.png,200,,75,0.0,-1.0,25,27,35,20,18,21,2.0,1.6,3.5,475,1200,1.5,290,0.7,True,2,119,100627,48917,29,35,74,6581,3317,14446,7205,21705,11002,23824,12100,17214,8895,8561,4427,4048,2159,1327,702,838528,0
120,npc_dota_hero_pangolier,Pangolier,agi,Melee,"['Carry', 'Nuker', 'Disabler', 'Durable', 'Escape', 'Initiator']",/apps/dota2/images/heroes/pangolier_full.png?,/apps/dota2/images/heroes/pangolier_icon.png,200,0.25,75,0.0,1.0,25,33,39,17,18,16,2.5,3.2,1.9,150,900,1.7,305,1.0,True,2,120,70951,32727,95,70,143,3785,1695,9273,4298,16270,7730,21689,10575,18538,9012,10319,5088,5040,2577,1884,970,906087,0
121,npc_dota_hero_grimstroke,Grimstroke,int,Ranged,"['Support', 'Nuker', 'Disabler', 'Escape']",/apps/dota2/images/heroes/grimstroke_full.png?,/apps/dota2/images/heroes/grimstroke_icon.png,200,,75,0.0,0.0,25,21,25,21,18,25,2.4,1.9,3.8,600,900,1.7,290,0.6,True,2,121,79302,36862,43,88,178,6450,3036,16320,7843,27199,13160,30934,14834,22242,10580,10841,5131,4340,2074,1242,591,1103155,0
123,npc_dota_hero_hoodwink,Hoodwink,agi,Ranged,"['Nuker', 'Escape', 'Disabler']",/apps/dota2/images/heroes/hoodwink_full.png?,/apps/dota2/images/heroes/hoodwink_icon.png,200,0.25,75,0.0,0.0,25,22,29,17,28,21,1.8,3.6,2.9,575,1800,2.0,320,1.0,False,2,123,332013,152907,0,0,0,23940,11191,52323,24479,80322,37997,89873,42824,63665,30321,30125,14424,12351,6006,3093,1511,241288,0
126,npc_dota_hero_void_spirit,Void Spirit,int,Melee,"['Carry', 'Escape', 'Nuker', 'Disabler']",/apps/dota2/images/heroes/void_spirit_full.png?,/apps/dota2/images/heroes/void_spirit_icon.png,200,,75,0.6,-1.0,25,32,36,22,19,24,2.6,2.2,3.1,200,900,1.7,295,0.7,True,2,126,95811,45084,440,172,341,6320,3030,15087,7522,25586,12688,31346,15808,24848,12646,13762,6981,6982,3610,2629,1333,1192984,0
128,npc_dota_hero_snapfire,Snapfire,str,Ranged,"['Support', 'Nuker', 'Disabler', 'Escape']",/apps/dota2/images/heroes/snapfire_full.png?,/apps/dota2/images/heroes/snapfire_icon.png,200,,75,0.0,0.0,25,26,32,20,16,18,3.3,1.9,2.2,500,1800,1.6,300,0.5,True,2,128,116100,53050,120,85,194,7228,3327,18589,8658,32916,15536,39661,18587,29643,13742,14819,6938,6203,2800,1582,683,1382691,0
129,npc_dota_hero_mars,Mars,str,Melee,"['Carry', 'Initiator', 'Disabler', 'Durable']",/apps/dota2/images/heroes/mars_full.png?,/apps/dota2/images/heroes/mars_icon.png,200,,75,0.5,-1.0,25,29,37,23,20,21,3.4,1.9,1.6,250,900,1.8,310,0.8,True,2,129,110324,53801,671,241,446,9269,4436,24616,11885,43131,21205,54537,26636,44082,21885,22992,11161,10425,5119,3492,1698,1344373,0
